sample_idx,PSNR,SSIM,MAE
0,22.229026585268667,0.897034841713453,0.034272052347660065
1,16.964392400448755,0.8172977105125359,0.06807547807693481
2,15.05349492253499,0.7556322413516569,0.08611162006855011
3,17.505466475638034,0.833348952749572,0.06272785365581512
4,16.075625803013903,0.7987338265541117,0.07589361816644669
